field_of_view,cell_id,x,y,region,x_bin,y_bin,bin_id,mid_point_x,mid_point_y,global_bin_id,index,louvain,cell_type,benchmark_label
0,1,1305.7,414.98,Cortex,2,0,2,1353.0,372.0,2,0,13,Excitatory layer 3,eneuron
0,2,669.51,457.53,Cortex,1,0,1,853.0,372.0,1,1,3,Excitatory layer II,eneuron
0,3,1185.9,507.11,Cortex,2,0,2,1353.0,372.0,2,2,3,Excitatory layer II,eneuron
0,4,710.24,533.06,Cortex,1,0,1,853.0,372.0,1,3,7,Interneuron,ineuron 
0,5,763.87,569.15,Cortex,1,0,1,853.0,372.0,1,4,6,Excitatory layer 4,eneuron
0,6,1142.4,742.97,Cortex,2,1,7,1353.0,872.0,6,5,7,Interneuron,ineuron 
0,7,957.71,755.66,Cortex,1,1,6,853.0,872.0,5,6,3,Excitatory layer II,eneuron
0,8,1725.4,764.51,Cortex,3,1,8,1853.0,872.0,7,7,7,Interneuron,ineuron 
0,9,806.56,828.27,Cortex,1,1,6,853.0,872.0,5,8,3,Excitatory layer II,eneuron
0,10,1800.1,854.41,Cortex,3,1,8,1853.0,872.0,7,9,3,Excitatory layer II,eneuron
0,11,1886.0,844.88,Cortex,3,1,8,1853.0,872.0,7,10,3,Excitatory layer II,eneuron
0,12,950.97,863.93,Cortex,1,1,6,853.0,872.0,5,11,3,Excitatory layer II,eneuron
0,13,593.51,884.54,Cortex,0,1,5,353.0,872.0,4,12,20,Microglia,microglia
0,14,1596.5,918.18,Cortex,2,1,7,1353.0,872.0,6,13,3,Excitatory layer II,eneuron
0,15,1021.4,931.14,Cortex,1,1,6,853.0,872.0,5,14,3,Excitatory layer II,eneuron
0,16,1696.0,944.12,Cortex,3,1,8,1853.0,872.0,7,15,7,Interneuron,ineuron 
0,17,391.16,972.08,Cortex,0,1,5,353.0,872.0,4,16,19,Astrocytes deep ,astrocyte
0,18,597.81,1001.1,Cortex,0,1,5,353.0,872.0,4,17,3,Excitatory layer II,eneuron
0,19,1865.2,1009.6,Cortex,3,1,8,1853.0,872.0,7,18,20,Microglia,microglia
0,20,469.54,1022.3,Cortex,0,1,5,353.0,872.0,4,19,9,Excitatory layer 3,eneuron
0,21,1636.6,1029.2,Cortex,3,1,8,1853.0,872.0,7,20,3,Excitatory layer II,eneuron
0,22,344.12,1041.0,Cortex,0,1,5,353.0,872.0,4,21,7,Interneuron,ineuron 
0,23,1293.3,1054.1,Cortex,2,1,7,1353.0,872.0,6,22,2,Endothelial,endo
0,24,1378.9,1066.2,Cortex,2,1,7,1353.0,872.0,6,23,7,Interneuron,ineuron 
0,25,1594.2,1108.4,Cortex,2,1,7,1353.0,872.0,6,24,6,Excitatory layer 4,eneuron
0,26,822.23,1124.2,Cortex,1,2,11,853.0,1372.0,9,25,7,Interneuron,ineuron 
0,27,560.36,1123.7,Cortex,0,2,10,353.0,1372.0,8,26,6,Excitatory layer 4,eneuron
0,28,742.3,1134.5,Cortex,1,2,11,853.0,1372.0,9,27,6,Excitatory layer 4,eneuron
0,29,1751.6,1133.9,Cortex,3,2,13,1853.0,1372.0,11,28,3,Excitatory layer II,eneuron
0,30,668.36,1165.0,Cortex,1,2,11,853.0,1372.0,9,29,6,Excitatory layer 4,eneuron
0,31,241.57,1236.5,Cortex,0,2,10,353.0,1372.0,8,30,3,Excitatory layer II,eneuron
0,32,624.11,1246.1,Cortex,1,2,11,853.0,1372.0,9,31,3,Excitatory layer II,eneuron
0,33,103.12,1244.6,Cortex,0,2,10,353.0,1372.0,8,32,3,Excitatory layer II,eneuron
0,34,449.39,1248.8,Cortex,0,2,10,353.0,1372.0,8,33,3,Excitatory layer II,eneuron
0,35,1342.6,1294.3,Cortex,2,2,12,1353.0,1372.0,10,34,2,Endothelial,endo
0,36,407.86,1342.5,Cortex,0,2,10,353.0,1372.0,8,35,23,Interneurons deep,ineuron 
0,37,894.7,1428.8,Cortex,1,2,11,853.0,1372.0,9,36,10,Astrocytes superficial,astrocyte
0,38,1272.8,1436.4,Cortex,2,2,12,1353.0,1372.0,10,37,2,Endothelial,endo
0,39,1363.8,1434.1,Cortex,2,2,12,1353.0,1372.0,10,38,20,Microglia,microglia
0,40,421.27,1481.6,Cortex,0,2,10,353.0,1372.0,8,39,10,Astrocytes superficial,astrocyte
0,41,271.42,1493.4,Cortex,0,2,10,353.0,1372.0,8,40,3,Excitatory layer II,eneuron
0,42,1069.0,1515.1,Cortex,1,2,11,853.0,1372.0,9,41,10,Astrocytes superficial,astrocyte
0,43,426.59,1586.4,Cortex,0,2,10,353.0,1372.0,8,42,10,Astrocytes superficial,astrocyte
0,44,669.71,1629.6,Cortex,1,3,16,853.0,1872.0,13,43,2,Endothelial,endo
0,45,782.61,1687.7,Cortex,1,3,16,853.0,1872.0,13,44,10,Astrocytes superficial,astrocyte
0,46,228.25,1698.9,Cortex,0,3,15,353.0,1872.0,12,45,20,Microglia,microglia
0,47,442.86,1692.8,Cortex,0,3,15,353.0,1872.0,12,46,7,Interneuron,ineuron 
0,48,973.21,1705.6,Cortex,1,3,16,853.0,1872.0,13,47,10,Astrocytes superficial,astrocyte
0,49,1201.2,1726.0,Cortex,2,3,17,1353.0,1872.0,14,48,7,Interneuron,ineuron 
0,50,854.77,1725.6,Cortex,1,3,16,853.0,1872.0,13,49,20,Microglia,microglia
0,51,855.84,122.03,Cortex,1,0,1,853.0,372.0,1,50,10,Astrocytes superficial,astrocyte
0,52,469.57,208.95,Cortex,0,0,0,353.0,372.0,0,51,3,Excitatory layer II,eneuron
0,53,1090.2,215.81,Cortex,1,0,1,853.0,372.0,1,52,7,Interneuron,ineuron 
0,55,981.25,261.05,Cortex,1,0,1,853.0,372.0,1,54,3,Excitatory layer II,eneuron
0,56,390.59,277.05,Cortex,0,0,0,353.0,372.0,0,55,13,Excitatory layer 3,eneuron
0,57,1117.0,312.56,Cortex,2,0,2,1353.0,372.0,2,56,3,Excitatory layer II,eneuron
0,58,520.51,359.75,Cortex,0,0,0,353.0,372.0,0,57,3,Excitatory layer II,eneuron
0,59,980.24,382.43,Cortex,1,0,1,853.0,372.0,1,58,3,Excitatory layer II,eneuron
0,60,799.96,389.1,Cortex,1,0,1,853.0,372.0,1,59,7,Interneuron,ineuron 
0,61,527.31,538.48,Cortex,0,0,0,353.0,372.0,0,60,3,Excitatory layer II,eneuron
0,62,621.1,564.33,Cortex,1,0,1,853.0,372.0,1,61,7,Interneuron,ineuron 
0,63,571.13,677.51,Cortex,0,1,5,353.0,872.0,4,62,3,Excitatory layer II,eneuron
0,64,1458.0,207.93,Cortex,2,0,2,1353.0,372.0,2,63,3,Excitatory layer II,eneuron
0,65,1738.7,244.68,Cortex,3,0,3,1853.0,372.0,3,64,13,Excitatory layer 3,eneuron
0,66,1561.7,242.0,Cortex,2,0,2,1353.0,372.0,2,65,20,Microglia,microglia
0,67,1319.2,234.32,Cortex,2,0,2,1353.0,372.0,2,66,13,Excitatory layer 3,eneuron
0,68,1875.4,249.56,Cortex,3,0,3,1853.0,372.0,3,67,6,Excitatory layer 4,eneuron
0,69,1428.9,334.44,Cortex,2,0,2,1353.0,372.0,2,68,3,Excitatory layer II,eneuron
0,70,152.2,367.61,Cortex,0,0,0,353.0,372.0,0,69,6,Excitatory layer 4,eneuron
0,71,334.16,397.61,Cortex,0,0,0,353.0,372.0,0,70,6,Excitatory layer 4,eneuron
0,72,1623.4,414.97,Cortex,3,0,3,1853.0,372.0,3,71,13,Excitatory layer 3,eneuron
0,73,228.45,471.04,Cortex,0,0,0,353.0,372.0,0,72,9,Excitatory layer 3,eneuron
0,74,1829.6,471.16,Cortex,3,0,3,1853.0,372.0,3,73,3,Excitatory layer II,eneuron
0,75,1741.8,490.58,Cortex,3,0,3,1853.0,372.0,3,74,6,Excitatory layer 4,eneuron
0,76,1418.1,480.91,Cortex,2,0,2,1353.0,372.0,2,75,6,Excitatory layer 4,eneuron
0,77,363.87,495.87,Cortex,0,0,0,353.0,372.0,0,76,6,Excitatory layer 4,eneuron
0,78,291.89,554.35,Cortex,0,0,0,353.0,372.0,0,77,20,Microglia,microglia
0,79,1745.0,572.24,Cortex,3,0,3,1853.0,372.0,3,78,3,Excitatory layer II,eneuron
0,80,1617.6,580.99,Cortex,3,0,3,1853.0,372.0,3,79,3,Excitatory layer II,eneuron
0,81,1238.0,597.74,Cortex,2,0,2,1353.0,372.0,2,80,6,Excitatory layer 4,eneuron
0,82,1875.9,589.25,Cortex,3,0,3,1853.0,372.0,3,81,6,Excitatory layer 4,eneuron
0,83,402.8,589.35,Cortex,0,0,0,353.0,372.0,0,82,6,Excitatory layer 4,eneuron
0,84,238.72,602.18,Cortex,0,0,0,353.0,372.0,0,83,6,Excitatory layer 4,eneuron
0,85,1298.3,606.25,Cortex,2,0,2,1353.0,372.0,2,84,3,Excitatory layer II,eneuron
0,86,1401.0,619.94,Cortex,2,0,2,1353.0,372.0,2,85,7,Interneuron,ineuron 
0,87,312.93,632.17,Cortex,0,1,5,353.0,872.0,4,86,2,Endothelial,endo
0,88,448.36,646.88,Cortex,0,1,5,353.0,872.0,4,87,9,Excitatory layer 3,eneuron
0,89,699.92,689.47,Cortex,1,1,6,853.0,872.0,5,88,3,Excitatory layer II,eneuron
0,90,1923.8,695.5,Cortex,3,1,8,1853.0,872.0,7,89,3,Excitatory layer II,eneuron
0,91,370.94,707.28,Cortex,0,1,5,353.0,872.0,4,90,3,Excitatory layer II,eneuron
0,92,781.88,748.95,Cortex,1,1,6,853.0,872.0,5,91,6,Excitatory layer 4,eneuron
0,93,191.29,802.62,Cortex,0,1,5,353.0,872.0,4,92,6,Excitatory layer 4,eneuron
0,94,1960.0,814.15,Cortex,3,1,8,1853.0,872.0,7,93,7,Interneuron,ineuron 
0,95,739.38,818.87,Cortex,1,1,6,853.0,872.0,5,94,9,Excitatory layer 3,eneuron
0,96,374.81,836.35,Cortex,0,1,5,353.0,872.0,4,95,3,Excitatory layer II,eneuron
0,97,1502.4,839.0,Cortex,2,1,7,1353.0,872.0,6,96,3,Excitatory layer II,eneuron
0,98,266.0,875.11,Cortex,0,1,5,353.0,872.0,4,97,3,Excitatory layer II,eneuron
0,99,1357.2,890.97,Cortex,2,1,7,1353.0,872.0,6,98,3,Excitatory layer II,eneuron
0,100,446.9,904.75,Cortex,0,1,5,353.0,872.0,4,99,10,Astrocytes superficial,astrocyte
0,101,1308.9,937.98,Cortex,2,1,7,1353.0,872.0,6,100,3,Excitatory layer II,eneuron
0,102,745.68,922.15,Cortex,1,1,6,853.0,872.0,5,101,3,Excitatory layer II,eneuron
0,103,1460.8,940.49,Cortex,2,1,7,1353.0,872.0,6,102,3,Excitatory layer II,eneuron
0,104,799.79,982.66,Cortex,1,1,6,853.0,872.0,5,103,3,Excitatory layer II,eneuron
0,107,1198.5,1077.4,Cortex,2,1,7,1353.0,872.0,6,106,7,Interneuron,ineuron 
0,108,113.16,1090.7,Cortex,0,1,5,353.0,872.0,4,107,13,Excitatory layer 3,eneuron
0,109,280.75,1107.6,Cortex,0,1,5,353.0,872.0,4,108,3,Excitatory layer II,eneuron
0,110,1444.0,1139.5,Cortex,2,2,12,1353.0,1372.0,10,109,7,Interneuron,ineuron 
0,111,234.96,1152.6,Cortex,0,2,10,353.0,1372.0,8,110,6,Excitatory layer 4,eneuron
0,112,404.65,1155.9,Cortex,0,2,10,353.0,1372.0,8,111,3,Excitatory layer II,eneuron
0,113,1127.0,1172.7,Cortex,2,2,12,1353.0,1372.0,10,112,3,Excitatory layer II,eneuron
0,114,921.13,1260.5,Cortex,1,2,11,853.0,1372.0,9,113,7,Interneuron,ineuron 
0,115,796.06,1271.3,Cortex,1,2,11,853.0,1372.0,9,114,3,Excitatory layer II,eneuron
0,116,1336.0,1556.2,Cortex,2,2,12,1353.0,1372.0,10,115,2,Endothelial,endo
0,117,1794.6,1625.1,Cortex,3,3,18,1853.0,1872.0,15,116,2,Endothelial,endo
0,118,1383.3,1777.0,Cortex,2,3,17,1353.0,1872.0,14,117,10,Astrocytes superficial,astrocyte
1,1,1378.7,1786.5,Cortex,2,3,17,1426.0,1890.0,29,118,3,Excitatory layer II,eneuron
1,2,1547.5,1805.0,Cortex,2,3,17,1426.0,1890.0,29,119,18,Excitatory layer 5/6,eneuron
1,3,1634.0,1890.9,Cortex,2,3,17,1426.0,1890.0,29,120,6,Excitatory layer 4,eneuron
1,4,681.3,453.14,Cortex,1,0,1,926.0,390.0,17,121,9,Excitatory layer 3,eneuron
1,5,773.77,559.19,Cortex,1,0,1,926.0,390.0,17,122,9,Excitatory layer 3,eneuron
1,7,682.46,625.45,Cortex,1,0,1,926.0,390.0,17,124,19,Astrocytes deep ,astrocyte
1,8,495.56,678.78,Cortex,0,1,5,426.0,890.0,20,125,2,Endothelial,endo
1,9,594.86,688.87,Cortex,0,1,5,426.0,890.0,20,126,9,Excitatory layer 3,eneuron
1,10,837.63,711.08,Cortex,1,1,6,926.0,890.0,21,127,13,Excitatory layer 3,eneuron
1,11,667.59,797.63,Cortex,0,1,5,426.0,890.0,20,128,9,Excitatory layer 3,eneuron
1,12,575.64,836.86,Cortex,0,1,5,426.0,890.0,20,129,6,Excitatory layer 4,eneuron
1,13,830.55,838.28,Cortex,1,1,6,926.0,890.0,21,130,19,Astrocytes deep ,astrocyte
1,14,822.66,928.82,Cortex,1,1,6,926.0,890.0,21,131,9,Excitatory layer 3,eneuron
1,15,926.19,982.7,Cortex,1,1,6,926.0,890.0,21,132,9,Excitatory layer 3,eneuron
1,16,1601.6,140.15,Cortex,2,0,2,1426.0,390.0,18,133,9,Excitatory layer 3,eneuron
1,17,1354.5,178.6,Cortex,2,0,2,1426.0,390.0,18,134,13,Excitatory layer 3,eneuron
1,18,1800.3,206.95,Cortex,3,0,3,1926.0,390.0,19,135,13,Excitatory layer 3,eneuron
1,19,1675.2,209.95,Cortex,2,0,2,1426.0,390.0,18,136,10,Astrocytes superficial,astrocyte
1,20,1597.6,278.13,Cortex,2,0,2,1426.0,390.0,18,137,9,Excitatory layer 3,eneuron
1,21,911.59,281.52,Cortex,1,0,1,926.0,390.0,17,138,13,Excitatory layer 3,eneuron
1,22,1512.5,313.9,Cortex,2,0,2,1426.0,390.0,18,139,9,Excitatory layer 3,eneuron
1,23,1083.2,412.02,Cortex,1,0,1,926.0,390.0,17,140,19,Astrocytes deep ,astrocyte
1,24,1606.3,415.85,Cortex,2,0,2,1426.0,390.0,18,141,13,Excitatory layer 3,eneuron
1,25,1456.6,472.5,Cortex,2,0,2,1426.0,390.0,18,142,6,Excitatory layer 4,eneuron
1,26,1464.7,538.64,Cortex,2,0,2,1426.0,390.0,18,143,6,Excitatory layer 4,eneuron
1,27,1080.9,561.08,Cortex,1,0,1,926.0,390.0,17,144,9,Excitatory layer 3,eneuron
1,29,1814.4,557.17,Cortex,3,0,3,1926.0,390.0,19,146,23,Interneurons deep,ineuron 
1,30,1320.5,575.85,Cortex,2,0,2,1426.0,390.0,18,147,3,Excitatory layer II,eneuron
1,31,376.66,602.42,Cortex,0,0,0,426.0,390.0,16,148,19,Astrocytes deep ,astrocyte
1,32,301.91,647.45,Cortex,0,1,5,426.0,890.0,20,149,6,Excitatory layer 4,eneuron
1,33,1376.3,647.65,Cortex,2,1,7,1426.0,890.0,22,150,7,Interneuron,ineuron 
1,34,1224.7,662.74,Cortex,2,1,7,1426.0,890.0,22,151,9,Excitatory layer 3,eneuron
1,35,407.08,690.47,Cortex,0,1,5,426.0,890.0,20,152,9,Excitatory layer 3,eneuron
1,36,1439.6,704.34,Cortex,2,1,7,1426.0,890.0,22,153,9,Excitatory layer 3,eneuron
1,37,1660.6,795.69,Cortex,2,1,7,1426.0,890.0,22,154,2,Endothelial,endo
1,38,1213.6,804.34,Cortex,2,1,7,1426.0,890.0,22,155,2,Endothelial,endo
1,39,1581.2,832.92,Cortex,2,1,7,1426.0,890.0,22,156,6,Excitatory layer 4,eneuron
1,40,1496.8,836.92,Cortex,2,1,7,1426.0,890.0,22,157,3,Excitatory layer II,eneuron
1,41,375.37,848.23,Cortex,0,1,5,426.0,890.0,20,158,9,Excitatory layer 3,eneuron
1,42,451.05,845.44,Cortex,0,1,5,426.0,890.0,20,159,10,Astrocytes superficial,astrocyte
1,43,508.2,854.1,Cortex,0,1,5,426.0,890.0,20,160,3,Excitatory layer II,eneuron
1,44,1402.5,865.38,Cortex,2,1,7,1426.0,890.0,22,161,3,Excitatory layer II,eneuron
1,45,1159.9,894.7,Cortex,1,1,6,926.0,890.0,21,162,6,Excitatory layer 4,eneuron
1,46,1495.1,955.24,Cortex,2,1,7,1426.0,890.0,22,163,9,Excitatory layer 3,eneuron
1,47,366.94,972.24,Cortex,0,1,5,426.0,890.0,20,164,9,Excitatory layer 3,eneuron
1,48,1388.5,972.1,Cortex,2,1,7,1426.0,890.0,22,165,9,Excitatory layer 3,eneuron
1,49,513.53,979.4,Cortex,0,1,5,426.0,890.0,20,166,20,Microglia,microglia
1,50,1039.8,991.14,Cortex,1,1,6,926.0,890.0,21,167,2,Endothelial,endo
1,51,289.92,1001.6,Cortex,0,1,5,426.0,890.0,20,168,19,Astrocytes deep ,astrocyte
1,52,1555.4,1015.5,Cortex,2,1,7,1426.0,890.0,22,169,6,Excitatory layer 4,eneuron
1,53,397.93,1044.7,Cortex,0,1,5,426.0,890.0,20,170,10,Astrocytes superficial,astrocyte
1,54,1816.8,1062.3,Cortex,3,1,8,1926.0,890.0,23,171,9,Excitatory layer 3,eneuron
1,55,1311.8,1064.3,Cortex,2,1,7,1426.0,890.0,22,172,3,Excitatory layer II,eneuron
1,56,1223.2,1068.7,Cortex,2,1,7,1426.0,890.0,22,173,6,Excitatory layer 4,eneuron
1,57,1954.9,1080.9,Cortex,3,1,8,1926.0,890.0,23,174,3,Excitatory layer II,eneuron
1,58,1410.2,1077.8,Cortex,2,1,7,1426.0,890.0,22,175,6,Excitatory layer 4,eneuron
1,59,1675.7,1086.2,Cortex,2,1,7,1426.0,890.0,22,176,7,Interneuron,ineuron 
1,60,1002.1,1094.2,Cortex,1,1,6,926.0,890.0,21,177,2,Endothelial,endo
1,61,1103.8,1102.7,Cortex,1,1,6,926.0,890.0,21,178,6,Excitatory layer 4,eneuron
1,62,247.23,1111.9,Cortex,0,1,5,426.0,890.0,20,179,9,Excitatory layer 3,eneuron
1,63,1534.7,1118.8,Cortex,2,1,7,1426.0,890.0,22,180,9,Excitatory layer 3,eneuron
1,64,493.17,1132.6,Cortex,0,1,5,426.0,890.0,20,181,19,Astrocytes deep ,astrocyte
1,65,176.2,1138.3,Cortex,0,1,5,426.0,890.0,20,182,9,Excitatory layer 3,eneuron
1,66,1197.8,1158.6,Cortex,2,2,12,1426.0,1390.0,26,183,6,Excitatory layer 4,eneuron
1,67,1370.7,1173.5,Cortex,2,2,12,1426.0,1390.0,26,184,6,Excitatory layer 4,eneuron
1,68,324.83,1171.1,Cortex,0,2,10,426.0,1390.0,24,185,9,Excitatory layer 3,eneuron
1,69,1443.6,1172.4,Cortex,2,2,12,1426.0,1390.0,26,186,6,Excitatory layer 4,eneuron
1,70,427.71,1198.8,Cortex,0,2,10,426.0,1390.0,24,187,3,Excitatory layer II,eneuron
1,71,1535.1,1200.2,Cortex,2,2,12,1426.0,1390.0,26,188,6,Excitatory layer 4,eneuron
1,72,900.27,1238.5,Cortex,1,2,11,926.0,1390.0,25,189,19,Astrocytes deep ,astrocyte
1,73,224.88,1256.6,Cortex,0,2,10,426.0,1390.0,24,190,9,Excitatory layer 3,eneuron
1,74,1461.1,1280.3,Cortex,2,2,12,1426.0,1390.0,26,191,3,Excitatory layer II,eneuron
1,75,1021.7,1287.0,Cortex,1,2,11,926.0,1390.0,25,192,10,Astrocytes superficial,astrocyte
1,76,1117.7,1293.9,Cortex,1,2,11,926.0,1390.0,25,193,19,Astrocytes deep ,astrocyte
1,77,440.01,1288.7,Cortex,0,2,10,426.0,1390.0,24,194,6,Excitatory layer 4,eneuron
1,78,1737.6,1294.6,Cortex,3,2,13,1926.0,1390.0,27,195,19,Astrocytes deep ,astrocyte
1,79,945.65,1316.1,Cortex,1,2,11,926.0,1390.0,25,196,6,Excitatory layer 4,eneuron
1,80,368.95,1337.0,Cortex,0,2,10,426.0,1390.0,24,197,2,Endothelial,endo
1,81,561.77,1325.4,Cortex,0,2,10,426.0,1390.0,24,198,7,Interneuron,ineuron 
1,82,1802.9,1378.6,Cortex,3,2,13,1926.0,1390.0,27,199,6,Excitatory layer 4,eneuron
1,83,1326.7,1369.9,Cortex,2,2,12,1426.0,1390.0,26,200,13,Excitatory layer 3,eneuron
1,84,1687.2,1392.0,Cortex,3,2,13,1926.0,1390.0,27,201,10,Astrocytes superficial,astrocyte
1,85,514.6,1405.4,Cortex,0,2,10,426.0,1390.0,24,202,9,Excitatory layer 3,eneuron
1,86,1241.1,1416.5,Cortex,2,2,12,1426.0,1390.0,26,203,2,Endothelial,endo
1,87,861.75,1422.2,Cortex,1,2,11,926.0,1390.0,25,204,9,Excitatory layer 3,eneuron
1,88,590.72,1450.9,Cortex,0,2,10,426.0,1390.0,24,205,2,Endothelial,endo
1,89,743.94,1449.9,Cortex,1,2,11,926.0,1390.0,25,206,9,Excitatory layer 3,eneuron
1,90,1463.2,1454.4,Cortex,2,2,12,1426.0,1390.0,26,207,13,Excitatory layer 3,eneuron
1,91,1109.0,1461.1,Cortex,1,2,11,926.0,1390.0,25,208,3,Excitatory layer II,eneuron
1,92,464.69,1475.3,Cortex,0,2,10,426.0,1390.0,24,209,6,Excitatory layer 4,eneuron
1,93,918.22,1498.7,Cortex,1,2,11,926.0,1390.0,25,210,9,Excitatory layer 3,eneuron
1,94,1748.9,1504.6,Cortex,3,2,13,1926.0,1390.0,27,211,19,Astrocytes deep ,astrocyte
1,95,1205.4,1539.0,Cortex,2,2,12,1426.0,1390.0,26,212,2,Endothelial,endo
1,96,743.17,1548.5,Cortex,1,2,11,926.0,1390.0,25,213,6,Excitatory layer 4,eneuron
1,97,1087.2,1575.8,Cortex,1,2,11,926.0,1390.0,25,214,20,Microglia,microglia
1,98,856.63,1602.7,Cortex,1,2,11,926.0,1390.0,25,215,6,Excitatory layer 4,eneuron
1,99,531.71,1597.7,Cortex,0,2,10,426.0,1390.0,24,216,13,Excitatory layer 3,eneuron
1,100,1751.5,1615.1,Cortex,3,2,13,1926.0,1390.0,27,217,6,Excitatory layer 4,eneuron
1,101,653.89,1619.9,Cortex,0,2,10,426.0,1390.0,24,218,13,Excitatory layer 3,eneuron
1,102,1625.7,1618.1,Cortex,2,2,12,1426.0,1390.0,26,219,7,Interneuron,ineuron 
1,103,751.4,1634.2,Cortex,1,2,11,926.0,1390.0,25,220,2,Endothelial,endo
1,104,1164.1,1649.6,Cortex,1,3,16,926.0,1890.0,28,221,6,Excitatory layer 4,eneuron
1,105,1536.8,1667.0,Cortex,2,3,17,1426.0,1890.0,29,222,6,Excitatory layer 4,eneuron
1,106,1020.7,1715.3,Cortex,1,3,16,926.0,1890.0,28,223,13,Excitatory layer 3,eneuron
1,107,918.24,1736.8,Cortex,1,3,16,926.0,1890.0,28,224,13,Excitatory layer 3,eneuron
1,108,1046.5,1825.1,Cortex,1,3,16,926.0,1890.0,28,225,6,Excitatory layer 4,eneuron
2,1,1033.1,257.05,Cortex,1,0,1,924.0,404.0,31,226,2,Endothelial,endo
2,2,794.27,292.92,Cortex,1,0,1,924.0,404.0,31,227,9,Excitatory layer 3,eneuron
2,3,892.49,333.43,Cortex,1,0,1,924.0,404.0,31,228,13,Excitatory layer 3,eneuron
2,4,1037.7,482.11,Cortex,1,0,1,924.0,404.0,31,229,9,Excitatory layer 3,eneuron
2,5,1174.9,454.87,Cortex,2,0,2,1424.0,404.0,32,230,18,Excitatory layer 5/6,eneuron
2,7,1112.1,572.82,Cortex,1,0,1,924.0,404.0,31,232,5,Excitatory layer 5/6,eneuron
2,8,1240.8,601.12,Cortex,2,0,2,1424.0,404.0,32,233,6,Excitatory layer 4,eneuron
2,9,1365.4,629.16,Cortex,2,0,2,1424.0,404.0,32,234,9,Excitatory layer 3,eneuron
2,10,713.46,648.61,Cortex,1,0,1,924.0,404.0,31,235,18,Excitatory layer 5/6,eneuron
2,11,1351.7,731.0,Cortex,2,1,7,1424.0,904.0,36,236,13,Excitatory layer 3,eneuron
2,12,874.24,769.85,Cortex,1,1,6,924.0,904.0,35,237,11,Excitatory 5/6,eneuron
2,13,1231.8,782.75,Cortex,2,1,7,1424.0,904.0,36,238,19,Astrocytes deep ,astrocyte
2,14,1699.3,815.55,Cortex,3,1,8,1924.0,904.0,37,239,2,Endothelial,endo
2,15,1336.0,845.58,Cortex,2,1,7,1424.0,904.0,36,240,19,Astrocytes deep ,astrocyte
2,16,568.71,905.37,Cortex,0,1,5,424.0,904.0,34,241,18,Excitatory layer 5/6,eneuron
2,17,1744.9,914.82,Cortex,3,1,8,1924.0,904.0,37,242,5,Excitatory layer 5/6,eneuron
2,19,1047.9,969.42,Cortex,1,1,6,924.0,904.0,35,244,10,Astrocytes superficial,astrocyte
2,20,493.04,1010.5,Cortex,0,1,5,424.0,904.0,34,245,7,Interneuron,ineuron 
2,21,999.3,1015.8,Cortex,1,1,6,924.0,904.0,35,246,19,Astrocytes deep ,astrocyte
2,22,1623.1,1034.6,Cortex,2,1,7,1424.0,904.0,36,247,5,Excitatory layer 5/6,eneuron
2,23,1437.8,1046.3,Cortex,2,1,7,1424.0,904.0,36,248,4,Excitatory layer 5/6,eneuron
2,24,752.18,1060.3,Cortex,1,1,6,924.0,904.0,35,249,18,Excitatory layer 5/6,eneuron
2,25,490.18,1135.7,Cortex,0,1,5,424.0,904.0,34,250,18,Excitatory layer 5/6,eneuron
2,26,1073.6,1212.2,Cortex,1,2,11,924.0,1404.0,39,251,18,Excitatory layer 5/6,eneuron
2,27,1585.5,1208.9,Cortex,2,2,12,1424.0,1404.0,40,252,2,Endothelial,endo
2,28,761.15,1230.4,Cortex,1,2,11,924.0,1404.0,39,253,19,Astrocytes deep ,astrocyte
2,29,529.72,1280.6,Cortex,0,2,10,424.0,1404.0,38,254,18,Excitatory layer 5/6,eneuron
2,30,872.18,1260.4,Cortex,1,2,11,924.0,1404.0,39,255,19,Astrocytes deep ,astrocyte
2,31,800.37,1293.8,Cortex,1,2,11,924.0,1404.0,39,256,10,Astrocytes superficial,astrocyte
2,32,1122.9,1357.8,Cortex,1,2,11,924.0,1404.0,39,257,9,Excitatory layer 3,eneuron
2,33,1281.7,1370.7,Cortex,2,2,12,1424.0,1404.0,40,258,13,Excitatory layer 3,eneuron
2,34,1487.7,1419.8,Cortex,2,2,12,1424.0,1404.0,40,259,18,Excitatory layer 5/6,eneuron
2,35,1168.7,1459.4,Cortex,1,2,11,924.0,1404.0,39,260,7,Interneuron,ineuron 
2,37,998.12,1506.5,Cortex,1,2,11,924.0,1404.0,39,262,18,Excitatory layer 5/6,eneuron
2,38,906.57,1575.0,Cortex,1,2,11,924.0,1404.0,39,263,2,Endothelial,endo
2,39,1769.8,1623.7,Cortex,3,2,13,1924.0,1404.0,41,264,23,Interneurons deep,ineuron 
2,40,974.49,1642.2,Cortex,1,2,11,924.0,1404.0,39,265,2,Endothelial,endo
2,41,1879.2,1640.0,Cortex,3,2,13,1924.0,1404.0,41,266,23,Interneurons deep,ineuron 
2,42,1473.7,1712.1,Cortex,2,3,17,1424.0,1904.0,44,267,23,Interneurons deep,ineuron 
2,43,873.9,1791.7,Cortex,1,3,16,924.0,1904.0,43,268,18,Excitatory layer 5/6,eneuron
2,44,1327.8,1779.7,Cortex,2,3,17,1424.0,1904.0,44,269,18,Excitatory layer 5/6,eneuron
2,45,1507.3,242.2,Cortex,2,0,2,1424.0,404.0,32,270,16,Oligodendrocytes,olig
2,46,1522.7,378.56,Cortex,2,0,2,1424.0,404.0,32,271,11,Excitatory 5/6,eneuron
2,47,1655.5,403.55,Cortex,2,0,2,1424.0,404.0,32,272,11,Excitatory 5/6,eneuron
2,48,1415.4,428.59,Cortex,2,0,2,1424.0,404.0,32,273,5,Excitatory layer 5/6,eneuron
2,49,1309.2,499.93,Cortex,2,0,2,1424.0,404.0,32,274,23,Interneurons deep,ineuron 
2,50,1484.8,523.33,Cortex,2,0,2,1424.0,404.0,32,275,19,Astrocytes deep ,astrocyte
2,51,1668.2,564.18,Cortex,2,0,2,1424.0,404.0,32,276,18,Excitatory layer 5/6,eneuron
2,52,1474.1,692.95,Cortex,2,1,7,1424.0,904.0,36,277,13,Excitatory layer 3,eneuron
2,53,876.46,1435.8,Cortex,1,2,11,924.0,1404.0,39,278,7,Interneuron,ineuron 
2,54,1734.5,1490.7,Cortex,3,2,13,1924.0,1404.0,41,279,13,Excitatory layer 3,eneuron
2,55,1652.8,1624.6,Cortex,2,2,12,1424.0,1404.0,40,280,5,Excitatory layer 5/6,eneuron
2,56,1371.3,1629.1,Cortex,2,2,12,1424.0,1404.0,40,281,2,Endothelial,endo
2,57,707.72,154.95,Cortex,1,0,1,924.0,404.0,31,282,10,Astrocytes superficial,astrocyte
2,58,520.95,164.22,Cortex,0,0,0,424.0,404.0,30,283,13,Excitatory layer 3,eneuron
2,60,1818.8,303.04,Cortex,3,0,3,1924.0,404.0,33,285,18,Excitatory layer 5/6,eneuron
2,61,551.91,318.44,Cortex,0,0,0,424.0,404.0,30,286,5,Excitatory layer 5/6,eneuron
2,62,633.05,351.02,Cortex,0,0,0,424.0,404.0,30,287,10,Astrocytes superficial,astrocyte
2,63,1820.3,432.8,Cortex,3,0,3,1924.0,404.0,33,288,5,Excitatory layer 5/6,eneuron
2,64,703.15,435.75,Cortex,1,0,1,924.0,404.0,31,289,20,Microglia,microglia
2,65,573.52,448.74,Cortex,0,0,0,424.0,404.0,30,290,19,Astrocytes deep ,astrocyte
2,66,539.39,579.98,Cortex,0,0,0,424.0,404.0,30,291,4,Excitatory layer 5/6,eneuron
2,67,420.87,649.9,Cortex,0,0,0,424.0,404.0,30,292,9,Excitatory layer 3,eneuron
2,68,325.13,651.95,Cortex,0,0,0,424.0,404.0,30,293,23,Interneurons deep,ineuron 
2,69,1042.1,767.07,Cortex,1,1,6,924.0,904.0,35,294,9,Excitatory layer 3,eneuron
2,71,713.42,822.36,Cortex,1,1,6,924.0,904.0,35,296,2,Endothelial,endo
2,72,756.36,882.69,Cortex,1,1,6,924.0,904.0,35,297,10,Astrocytes superficial,astrocyte
2,73,414.39,898.37,Cortex,0,1,5,424.0,904.0,34,298,18,Excitatory layer 5/6,eneuron
2,75,1904.6,1174.7,Cortex,3,2,13,1924.0,1404.0,41,300,5,Excitatory layer 5/6,eneuron
2,77,1803.1,1234.4,Cortex,3,2,13,1924.0,1404.0,41,302,23,Interneurons deep,ineuron 
2,78,174.8,1240.0,Cortex,0,2,10,424.0,1404.0,38,303,18,Excitatory layer 5/6,eneuron
2,79,1936.0,1321.0,Cortex,3,2,13,1924.0,1404.0,41,304,13,Excitatory layer 3,eneuron
2,80,695.89,1485.6,Cortex,1,2,11,924.0,1404.0,39,305,16,Oligodendrocytes,olig
2,81,602.98,1502.4,Cortex,0,2,10,424.0,1404.0,38,306,13,Excitatory layer 3,eneuron
2,84,496.92,1581.6,Cortex,0,2,10,424.0,1404.0,38,309,23,Interneurons deep,ineuron 
2,86,374.85,1718.7,Cortex,0,3,15,424.0,1904.0,42,311,18,Excitatory layer 5/6,eneuron
2,87,546.78,1820.3,Cortex,0,3,15,424.0,1904.0,42,312,18,Excitatory layer 5/6,eneuron
2,88,411.24,1829.3,Cortex,0,3,15,424.0,1904.0,42,313,23,Interneurons deep,ineuron 
2,89,1202.5,1199.5,Cortex,2,2,12,1424.0,1404.0,40,314,2,Endothelial,endo
3,1,734.12,173.2,Cortex,0,0,0,521.0,423.0,45,316,11,Excitatory 5/6,eneuron
3,2,1601.5,187.76,Cortex,2,0,2,1521.0,423.0,47,317,5,Excitatory layer 5/6,eneuron
3,3,1495.3,205.83,Cortex,2,0,2,1521.0,423.0,47,318,2,Endothelial,endo
3,4,1033.3,286.35,Cortex,1,0,1,1021.0,423.0,46,319,5,Excitatory layer 5/6,eneuron
3,5,723.27,295.67,Cortex,0,0,0,521.0,423.0,45,320,5,Excitatory layer 5/6,eneuron
3,6,863.07,291.82,Cortex,1,0,1,1021.0,423.0,46,321,4,Excitatory layer 5/6,eneuron
3,7,1135.9,326.69,Cortex,1,0,1,1021.0,423.0,46,322,4,Excitatory layer 5/6,eneuron
3,8,1297.7,352.94,Cortex,2,0,2,1521.0,423.0,47,323,4,Excitatory layer 5/6,eneuron
3,9,701.05,402.96,Cortex,0,0,0,521.0,423.0,45,324,5,Excitatory layer 5/6,eneuron
3,10,854.93,417.8,Cortex,1,0,1,1021.0,423.0,46,325,10,Astrocytes superficial,astrocyte
3,11,352.2,411.06,Cortex,0,0,0,521.0,423.0,45,326,5,Excitatory layer 5/6,eneuron
3,12,995.24,439.72,Cortex,1,0,1,1021.0,423.0,46,327,2,Endothelial,endo
3,13,1091.3,451.51,Cortex,1,0,1,1021.0,423.0,46,328,5,Excitatory layer 5/6,eneuron
3,14,1468.1,459.06,Cortex,2,0,2,1521.0,423.0,47,329,23,Interneurons deep,ineuron 
3,15,1285.5,526.38,Cortex,2,0,2,1521.0,423.0,47,330,20,Microglia,microglia
3,16,1700.8,538.11,Cortex,2,0,2,1521.0,423.0,47,331,16,Oligodendrocytes,olig
3,17,653.28,565.94,Cortex,0,0,0,521.0,423.0,45,332,5,Excitatory layer 5/6,eneuron
3,18,726.66,605.62,Cortex,0,0,0,521.0,423.0,45,333,20,Microglia,microglia
3,19,1234.0,592.7,Cortex,1,0,1,1021.0,423.0,46,334,4,Excitatory layer 5/6,eneuron
3,20,877.47,601.13,Cortex,1,0,1,1021.0,423.0,46,335,10,Astrocytes superficial,astrocyte
3,21,432.99,647.71,Cortex,0,0,0,521.0,423.0,45,336,5,Excitatory layer 5/6,eneuron
3,22,1599.6,640.47,Cortex,2,0,2,1521.0,423.0,47,337,5,Excitatory layer 5/6,eneuron
3,23,1184.0,657.09,Cortex,1,0,1,1021.0,423.0,46,338,4,Excitatory layer 5/6,eneuron
3,24,1715.2,652.71,Cortex,2,0,2,1521.0,423.0,47,339,10,Astrocytes superficial,astrocyte
3,25,966.9,695.14,Cortex,1,1,6,1021.0,923.0,49,340,16,Oligodendrocytes,olig
3,26,856.05,704.98,Cortex,1,1,6,1021.0,923.0,49,341,4,Excitatory layer 5/6,eneuron
3,28,1873.1,727.22,Cortex,3,1,8,2021.0,923.0,51,343,5,Excitatory layer 5/6,eneuron
3,29,366.31,731.25,Cortex,0,1,5,521.0,923.0,48,344,20,Microglia,microglia
3,30,1698.0,741.69,Cortex,2,1,7,1521.0,923.0,50,345,4,Excitatory layer 5/6,eneuron
3,31,1441.5,790.49,Cortex,2,1,7,1521.0,923.0,50,346,10,Astrocytes superficial,astrocyte
3,32,985.08,766.92,Cortex,1,1,6,1021.0,923.0,49,347,4,Excitatory layer 5/6,eneuron
3,33,1559.7,768.01,Cortex,2,1,7,1521.0,923.0,50,348,11,Excitatory 5/6,eneuron
3,34,482.59,770.78,Cortex,0,1,5,521.0,923.0,48,349,2,Endothelial,endo
3,35,859.35,781.87,Cortex,1,1,6,1021.0,923.0,49,350,4,Excitatory layer 5/6,eneuron
3,36,1768.8,803.16,Cortex,2,1,7,1521.0,923.0,50,351,4,Excitatory layer 5/6,eneuron
3,37,1052.8,811.34,Cortex,1,1,6,1021.0,923.0,49,352,4,Excitatory layer 5/6,eneuron
3,38,469.33,821.01,Cortex,0,1,5,521.0,923.0,48,353,2,Endothelial,endo
3,39,1909.7,851.54,Cortex,3,1,8,2021.0,923.0,51,354,5,Excitatory layer 5/6,eneuron
3,40,699.51,869.09,Cortex,0,1,5,521.0,923.0,48,355,5,Excitatory layer 5/6,eneuron
3,41,993.52,885.85,Cortex,1,1,6,1021.0,923.0,49,356,6,Excitatory layer 4,eneuron
3,42,475.36,880.24,Cortex,0,1,5,521.0,923.0,48,357,10,Astrocytes superficial,astrocyte
3,43,1725.6,893.95,Cortex,2,1,7,1521.0,923.0,50,358,7,Interneuron,ineuron 
3,44,775.74,912.61,Cortex,1,1,6,1021.0,923.0,49,359,5,Excitatory layer 5/6,eneuron
3,45,914.75,902.99,Cortex,1,1,6,1021.0,923.0,49,360,2,Endothelial,endo
3,46,1374.1,897.6,Cortex,2,1,7,1521.0,923.0,50,361,2,Endothelial,endo
3,47,847.67,928.91,Cortex,1,1,6,1021.0,923.0,49,362,4,Excitatory layer 5/6,eneuron
3,48,1124.1,915.51,Cortex,1,1,6,1021.0,923.0,49,363,4,Excitatory layer 5/6,eneuron
3,49,499.0,934.52,Cortex,0,1,5,521.0,923.0,48,364,19,Astrocytes deep ,astrocyte
3,50,336.15,925.75,Cortex,0,1,5,521.0,923.0,48,365,11,Excitatory 5/6,eneuron
3,51,1539.6,947.81,Cortex,2,1,7,1521.0,923.0,50,366,16,Oligodendrocytes,olig
3,52,1473.9,1010.6,Cortex,2,1,7,1521.0,923.0,50,367,6,Excitatory layer 4,eneuron
3,53,904.01,1039.9,Cortex,1,1,6,1021.0,923.0,49,368,11,Excitatory 5/6,eneuron
3,54,520.84,1054.7,Cortex,0,1,5,521.0,923.0,48,369,4,Excitatory layer 5/6,eneuron
3,55,413.05,1088.1,Cortex,0,1,5,521.0,923.0,48,370,4,Excitatory layer 5/6,eneuron
3,56,1345.6,1088.2,Cortex,2,1,7,1521.0,923.0,50,371,4,Excitatory layer 5/6,eneuron
3,57,1487.5,1109.4,Cortex,2,1,7,1521.0,923.0,50,372,7,Interneuron,ineuron 
3,58,1010.8,1121.2,Cortex,1,1,6,1021.0,923.0,49,373,4,Excitatory layer 5/6,eneuron
3,59,271.68,1131.0,Cortex,0,1,5,521.0,923.0,48,374,5,Excitatory layer 5/6,eneuron
3,60,475.72,1146.1,Cortex,0,1,5,521.0,923.0,48,375,4,Excitatory layer 5/6,eneuron
3,61,1259.8,1137.3,Cortex,1,1,6,1021.0,923.0,49,376,4,Excitatory layer 5/6,eneuron
3,62,580.9,1156.0,Cortex,0,1,5,521.0,923.0,48,377,4,Excitatory layer 5/6,eneuron
3,63,1083.2,1176.6,Cortex,1,2,11,1021.0,1423.0,53,378,4,Excitatory layer 5/6,eneuron
3,64,1612.4,1171.4,Cortex,2,1,7,1521.0,923.0,50,379,2,Endothelial,endo
3,65,748.67,1163.3,Cortex,0,1,5,521.0,923.0,48,380,5,Excitatory layer 5/6,eneuron
3,66,1758.6,1203.5,Cortex,2,2,12,1521.0,1423.0,54,381,23,Interneurons deep,ineuron 
3,67,894.31,1208.5,Cortex,1,2,11,1021.0,1423.0,53,382,5,Excitatory layer 5/6,eneuron
3,68,1354.0,1217.6,Cortex,2,2,12,1521.0,1423.0,54,383,5,Excitatory layer 5/6,eneuron
3,69,1227.8,1268.2,Cortex,1,2,11,1021.0,1423.0,53,384,2,Endothelial,endo
3,70,536.66,1276.8,Cortex,0,2,10,521.0,1423.0,52,385,4,Excitatory layer 5/6,eneuron
3,71,1534.4,1322.1,Cortex,2,2,12,1521.0,1423.0,54,386,11,Excitatory 5/6,eneuron
3,72,784.88,1319.8,Cortex,1,2,11,1021.0,1423.0,53,387,11,Excitatory 5/6,eneuron
3,74,1147.6,1353.1,Cortex,1,2,11,1021.0,1423.0,53,389,5,Excitatory layer 5/6,eneuron
3,75,303.16,1387.8,Cortex,0,2,10,521.0,1423.0,52,390,11,Excitatory 5/6,eneuron
3,76,808.9,1434.0,Cortex,1,2,11,1021.0,1423.0,53,391,5,Excitatory layer 5/6,eneuron
3,77,1609.4,1457.8,Cortex,2,2,12,1521.0,1423.0,54,392,9,Excitatory layer 3,eneuron
3,78,1101.1,1462.9,Cortex,1,2,11,1021.0,1423.0,53,393,23,Interneurons deep,ineuron 
3,79,972.21,1479.9,Cortex,1,2,11,1021.0,1423.0,53,394,18,Excitatory layer 5/6,eneuron
3,80,1185.6,1503.2,Cortex,1,2,11,1021.0,1423.0,53,395,6,Excitatory layer 4,eneuron
3,81,1413.4,1511.1,Cortex,2,2,12,1521.0,1423.0,54,396,5,Excitatory layer 5/6,eneuron
3,82,1297.3,1513.0,Cortex,2,2,12,1521.0,1423.0,54,397,19,Astrocytes deep ,astrocyte
3,83,762.65,1521.3,Cortex,0,2,10,521.0,1423.0,52,398,2,Endothelial,endo
3,84,430.62,1531.7,Cortex,0,2,10,521.0,1423.0,52,399,5,Excitatory layer 5/6,eneuron
3,85,1702.9,1550.5,Cortex,2,2,12,1521.0,1423.0,54,400,18,Excitatory layer 5/6,eneuron
3,86,592.77,1558.2,Cortex,0,2,10,521.0,1423.0,52,401,4,Excitatory layer 5/6,eneuron
3,87,1867.0,1560.0,Cortex,3,2,13,2021.0,1423.0,55,402,4,Excitatory layer 5/6,eneuron
3,88,1413.6,1582.4,Cortex,2,2,12,1521.0,1423.0,54,403,2,Endothelial,endo
3,89,1781.4,1601.5,Cortex,3,2,13,2021.0,1423.0,55,404,4,Excitatory layer 5/6,eneuron
3,90,1137.3,1593.3,Cortex,1,2,11,1021.0,1423.0,53,405,4,Excitatory layer 5/6,eneuron
3,91,422.92,1624.4,Cortex,0,2,10,521.0,1423.0,52,406,4,Excitatory layer 5/6,eneuron
3,92,1050.7,1631.9,Cortex,1,2,11,1021.0,1423.0,53,407,2,Endothelial,endo
3,93,1219.8,1647.5,Cortex,1,2,11,1021.0,1423.0,53,408,5,Excitatory layer 5/6,eneuron
3,94,843.53,1672.9,Cortex,1,2,11,1021.0,1423.0,53,409,16,Oligodendrocytes,olig
3,95,1895.4,1682.8,Cortex,3,3,18,2021.0,1923.0,59,410,13,Excitatory layer 3,eneuron
3,96,447.82,1730.5,Cortex,0,3,15,521.0,1923.0,56,411,23,Interneurons deep,ineuron 
3,97,538.71,1731.2,Cortex,0,3,15,521.0,1923.0,56,412,4,Excitatory layer 5/6,eneuron
3,98,1185.9,1740.7,Cortex,1,3,16,1021.0,1923.0,57,413,4,Excitatory layer 5/6,eneuron
3,99,972.19,1767.1,Cortex,1,3,16,1021.0,1923.0,57,414,11,Excitatory 5/6,eneuron
3,100,325.14,1766.7,Cortex,0,3,15,521.0,1923.0,56,415,18,Excitatory layer 5/6,eneuron
3,101,1581.5,1739.0,Cortex,2,3,17,1521.0,1923.0,58,416,11,Excitatory 5/6,eneuron
3,102,1802.9,1776.8,Cortex,3,3,18,2021.0,1923.0,59,417,11,Excitatory 5/6,eneuron
3,103,1108.7,1832.8,Cortex,1,3,16,1021.0,1923.0,57,418,5,Excitatory layer 5/6,eneuron
3,104,1596.6,493.4,Cortex,2,0,2,1521.0,423.0,47,419,5,Excitatory layer 5/6,eneuron
3,105,1298.9,646.27,Cortex,2,0,2,1521.0,423.0,47,420,4,Excitatory layer 5/6,eneuron
3,106,1352.2,718.58,Cortex,2,1,7,1521.0,923.0,50,421,18,Excitatory layer 5/6,eneuron
4,1,1008.4,250.45,Cortex,1,0,1,947.0,500.0,61,422,16,Oligodendrocytes,olig
4,2,1253.3,272.22,Cortex,2,0,2,1447.0,500.0,62,423,10,Astrocytes superficial,astrocyte
4,3,828.07,300.14,Cortex,1,0,1,947.0,500.0,61,424,16,Oligodendrocytes,olig
4,4,1175.3,314.15,Cortex,1,0,1,947.0,500.0,61,425,16,Oligodendrocytes,olig
4,5,1496.1,341.25,Cortex,2,0,2,1447.0,500.0,62,426,10,Astrocytes superficial,astrocyte
4,7,637.7,403.88,Cortex,0,0,0,447.0,500.0,60,428,16,Oligodendrocytes,olig
4,8,1535.8,411.86,Cortex,2,0,2,1447.0,500.0,62,429,2,Endothelial,endo
4,9,1049.9,442.5,Cortex,1,0,1,947.0,500.0,61,430,16,Oligodendrocytes,olig
4,11,1431.2,506.98,Cortex,2,0,2,1447.0,500.0,62,432,2,Endothelial,endo
4,12,1365.5,553.75,Cortex,2,0,2,1447.0,500.0,62,433,16,Oligodendrocytes,olig
4,13,1669.5,541.34,Cortex,2,0,2,1447.0,500.0,62,434,5,Excitatory layer 5/6,eneuron
4,14,649.07,568.45,Cortex,0,0,0,447.0,500.0,60,435,4,Excitatory layer 5/6,eneuron
4,15,1457.3,591.01,Cortex,2,0,2,1447.0,500.0,62,436,4,Excitatory layer 5/6,eneuron
4,16,1748.3,593.4,Cortex,3,0,3,1947.0,500.0,63,437,2,Endothelial,endo
4,17,1142.4,641.94,Cortex,1,0,1,947.0,500.0,61,438,5,Excitatory layer 5/6,eneuron
4,18,1401.1,664.95,Cortex,2,0,2,1447.0,500.0,62,439,5,Excitatory layer 5/6,eneuron
4,19,594.37,678.13,Cortex,0,0,0,447.0,500.0,60,440,11,Excitatory 5/6,eneuron
4,20,1462.6,694.32,Cortex,2,0,2,1447.0,500.0,62,441,4,Excitatory layer 5/6,eneuron
4,21,912.72,702.49,Cortex,1,0,1,947.0,500.0,61,442,2,Endothelial,endo
4,22,979.93,787.12,Cortex,1,1,6,947.0,1000.0,65,443,11,Excitatory 5/6,eneuron
4,23,572.9,779.29,Cortex,0,1,5,447.0,1000.0,64,444,4,Excitatory layer 5/6,eneuron
4,24,1199.9,799.52,Cortex,2,1,7,1447.0,1000.0,66,445,18,Excitatory layer 5/6,eneuron
4,25,1052.5,858.53,Cortex,1,1,6,947.0,1000.0,65,446,4,Excitatory layer 5/6,eneuron
4,27,1025.6,907.36,Cortex,1,1,6,947.0,1000.0,65,448,11,Excitatory 5/6,eneuron
4,28,1694.6,927.21,Cortex,2,1,7,1447.0,1000.0,66,449,5,Excitatory layer 5/6,eneuron
4,29,756.22,931.75,Cortex,1,1,6,947.0,1000.0,65,450,20,Microglia,microglia
4,30,1346.7,921.01,Cortex,2,1,7,1447.0,1000.0,66,451,5,Excitatory layer 5/6,eneuron
4,31,1015.0,963.72,Cortex,1,1,6,947.0,1000.0,65,452,16,Oligodendrocytes,olig
4,32,1214.2,976.64,Cortex,2,1,7,1447.0,1000.0,66,453,11,Excitatory 5/6,eneuron
4,33,1511.0,1013.1,Cortex,2,1,7,1447.0,1000.0,66,454,11,Excitatory 5/6,eneuron
4,34,1704.5,1072.9,Cortex,3,1,8,1947.0,1000.0,67,455,2,Endothelial,endo
4,35,514.98,1070.0,Cortex,0,1,5,447.0,1000.0,64,456,11,Excitatory 5/6,eneuron
4,36,1140.8,1085.8,Cortex,1,1,6,947.0,1000.0,65,457,5,Excitatory layer 5/6,eneuron
4,37,360.99,1112.3,Cortex,0,1,5,447.0,1000.0,64,458,10,Astrocytes superficial,astrocyte
4,38,1457.5,1133.4,Cortex,2,1,7,1447.0,1000.0,66,459,10,Astrocytes superficial,astrocyte
4,39,723.69,1137.1,Cortex,1,1,6,947.0,1000.0,65,460,2,Endothelial,endo
4,40,548.96,1178.0,Cortex,0,1,5,447.0,1000.0,64,461,2,Endothelial,endo
4,41,401.67,1186.7,Cortex,0,1,5,447.0,1000.0,64,462,4,Excitatory layer 5/6,eneuron
4,42,1751.0,1181.5,Cortex,3,1,8,1947.0,1000.0,67,463,5,Excitatory layer 5/6,eneuron
4,43,649.14,1187.4,Cortex,0,1,5,447.0,1000.0,64,464,4,Excitatory layer 5/6,eneuron
4,44,590.47,1230.9,Cortex,0,1,5,447.0,1000.0,64,465,4,Excitatory layer 5/6,eneuron
4,45,1389.3,1260.8,Cortex,2,2,12,1447.0,1500.0,70,466,11,Excitatory 5/6,eneuron
4,46,704.43,1265.8,Cortex,1,2,11,947.0,1500.0,69,467,4,Excitatory layer 5/6,eneuron
4,47,650.71,1274.1,Cortex,0,2,10,447.0,1500.0,68,468,4,Excitatory layer 5/6,eneuron
4,48,433.74,1281.7,Cortex,0,2,10,447.0,1500.0,68,469,4,Excitatory layer 5/6,eneuron
4,49,357.85,1335.5,Cortex,0,2,10,447.0,1500.0,68,470,5,Excitatory layer 5/6,eneuron
4,50,1526.8,1335.1,Cortex,2,2,12,1447.0,1500.0,70,471,5,Excitatory layer 5/6,eneuron
4,51,748.14,1349.5,Cortex,1,2,11,947.0,1500.0,69,472,20,Microglia,microglia
4,52,611.71,1394.1,Cortex,0,2,10,447.0,1500.0,68,473,4,Excitatory layer 5/6,eneuron
4,53,1659.9,1433.7,Cortex,2,2,12,1447.0,1500.0,70,474,4,Excitatory layer 5/6,eneuron
4,54,1058.5,1443.8,Cortex,1,2,11,947.0,1500.0,69,475,4,Excitatory layer 5/6,eneuron
4,55,1473.4,1441.7,Cortex,2,2,12,1447.0,1500.0,70,476,4,Excitatory layer 5/6,eneuron
4,56,1352.4,1463.7,Cortex,2,2,12,1447.0,1500.0,70,477,4,Excitatory layer 5/6,eneuron
4,57,1212.3,1473.5,Cortex,2,2,12,1447.0,1500.0,70,478,13,Excitatory layer 3,eneuron
4,58,566.57,1489.8,Cortex,0,2,10,447.0,1500.0,68,479,6,Excitatory layer 4,eneuron
4,59,458.62,1505.2,Cortex,0,2,10,447.0,1500.0,68,480,18,Excitatory layer 5/6,eneuron
4,60,1568.4,1597.5,Cortex,2,2,12,1447.0,1500.0,70,481,2,Endothelial,endo
4,61,1077.3,1600.3,Cortex,1,2,11,947.0,1500.0,69,482,11,Excitatory 5/6,eneuron
4,62,1467.0,1663.0,Cortex,2,2,12,1447.0,1500.0,70,483,2,Endothelial,endo
4,63,1197.6,1671.7,Cortex,2,2,12,1447.0,1500.0,70,484,18,Excitatory layer 5/6,eneuron
4,65,937.71,418.1,Cortex,1,0,1,947.0,500.0,61,486,10,Astrocytes superficial,astrocyte
4,66,516.36,460.09,Cortex,0,0,0,447.0,500.0,60,487,16,Oligodendrocytes,olig
4,67,501.54,549.3,Cortex,0,0,0,447.0,500.0,60,488,11,Excitatory 5/6,eneuron
4,68,1174.3,549.17,Cortex,1,0,1,947.0,500.0,61,489,16,Oligodendrocytes,olig
4,69,1237.7,565.2,Cortex,2,0,2,1447.0,500.0,62,490,10,Astrocytes superficial,astrocyte
4,70,1055.9,578.53,Cortex,1,0,1,947.0,500.0,61,491,5,Excitatory layer 5/6,eneuron
4,71,806.82,595.74,Cortex,1,0,1,947.0,500.0,61,492,11,Excitatory 5/6,eneuron
4,72,1270.6,676.58,Cortex,2,0,2,1447.0,500.0,62,493,11,Excitatory 5/6,eneuron
4,73,1335.0,809.99,Cortex,2,1,7,1447.0,1000.0,66,494,5,Excitatory layer 5/6,eneuron
4,74,1562.7,1098.3,Cortex,2,1,7,1447.0,1000.0,66,495,7,Interneuron,ineuron 
4,75,1059.2,1135.8,Cortex,1,1,6,947.0,1000.0,65,496,10,Astrocytes superficial,astrocyte
4,76,932.93,1213.5,Cortex,1,1,6,947.0,1000.0,65,497,4,Excitatory layer 5/6,eneuron
4,77,1544.0,1241.6,Cortex,2,1,7,1447.0,1000.0,66,498,4,Excitatory layer 5/6,eneuron
4,79,847.99,1286.6,Cortex,1,2,11,947.0,1500.0,69,500,11,Excitatory 5/6,eneuron
4,81,1591.6,1402.9,Cortex,2,2,12,1447.0,1500.0,70,502,4,Excitatory layer 5/6,eneuron
4,82,1749.5,1407.3,Cortex,3,2,13,1947.0,1500.0,71,503,5,Excitatory layer 5/6,eneuron
4,83,1638.8,1512.5,Cortex,2,2,12,1447.0,1500.0,70,504,10,Astrocytes superficial,astrocyte
4,86,650.84,1561.3,Cortex,0,2,10,447.0,1500.0,68,507,5,Excitatory layer 5/6,eneuron
4,87,1727.9,1546.3,Cortex,3,2,13,1947.0,1500.0,71,508,7,Interneuron,ineuron 
4,88,872.21,1595.3,Cortex,1,2,11,947.0,1500.0,69,509,16,Oligodendrocytes,olig
4,89,767.46,1663.4,Cortex,1,2,11,947.0,1500.0,69,510,5,Excitatory layer 5/6,eneuron
4,90,401.07,396.26,Cortex,0,0,0,447.0,500.0,60,511,10,Astrocytes superficial,astrocyte
4,91,258.56,955.12,Cortex,0,1,5,447.0,1000.0,64,512,11,Excitatory 5/6,eneuron
4,92,230.15,1139.9,Cortex,0,1,5,447.0,1000.0,64,513,5,Excitatory layer 5/6,eneuron
4,93,1957.4,1157.5,Cortex,3,1,8,1947.0,1000.0,67,514,5,Excitatory layer 5/6,eneuron
4,94,197.26,1435.4,Cortex,0,2,10,447.0,1500.0,68,515,19,Astrocytes deep ,astrocyte
4,95,435.9,1670.1,Cortex,0,2,10,447.0,1500.0,68,516,5,Excitatory layer 5/6,eneuron
4,96,471.56,1766.3,Cortex,0,3,15,447.0,2000.0,72,517,5,Excitatory layer 5/6,eneuron
4,97,639.25,1774.4,Cortex,0,3,15,447.0,2000.0,72,518,4,Excitatory layer 5/6,eneuron
4,98,1129.9,1821.6,Cortex,1,3,16,947.0,2000.0,73,519,4,Excitatory layer 5/6,eneuron
4,99,296.98,1871.0,Cortex,0,3,15,447.0,2000.0,72,520,11,Excitatory 5/6,eneuron
4,100,456.62,1881.5,Cortex,0,3,15,447.0,2000.0,72,521,11,Excitatory 5/6,eneuron
4,101,1055.6,1903.3,Cortex,1,3,16,947.0,2000.0,73,522,5,Excitatory layer 5/6,eneuron
5,14,481.27,993.4,SVZ,0,1,5,447.0,925.0,77,536,11,Excitatory 5/6,eneuron
5,43,1535.6,1336.0,SVZ,2,2,12,1447.0,1425.0,83,565,16,Oligodendrocytes,olig
5,44,1480.8,1356.5,SVZ,2,2,12,1447.0,1425.0,83,566,10,Astrocytes superficial,astrocyte
5,45,1565.8,1362.5,SVZ,2,2,12,1447.0,1425.0,83,567,16,Oligodendrocytes,olig
5,46,729.27,1374.3,SVZ,1,2,11,947.0,1425.0,82,568,16,Oligodendrocytes,olig
5,47,832.75,1377.3,SVZ,1,2,11,947.0,1425.0,82,569,16,Oligodendrocytes,olig
5,48,1008.0,1431.7,SVZ,1,2,11,947.0,1425.0,82,570,20,Microglia,microglia
5,50,1350.5,425.35,SVZ,2,0,2,1447.0,425.0,76,572,11,Excitatory 5/6,eneuron
5,53,1341.3,175.17,SVZ,2,0,2,1447.0,425.0,76,575,7,Interneuron,ineuron 
5,57,602.76,271.27,SVZ,0,0,0,447.0,425.0,74,579,7,Interneuron,ineuron 
5,58,1291.3,288.34,SVZ,2,0,2,1447.0,425.0,76,580,7,Interneuron,ineuron 
5,59,1206.6,308.55,SVZ,2,0,2,1447.0,425.0,76,581,7,Interneuron,ineuron 
5,60,682.44,324.7,SVZ,0,0,0,447.0,425.0,74,582,10,Astrocytes superficial,astrocyte
5,62,917.27,355.88,SVZ,1,0,1,947.0,425.0,75,584,2,Endothelial,endo
5,65,560.14,427.05,SVZ,0,0,0,447.0,425.0,74,587,7,Interneuron,ineuron 
5,66,782.55,463.51,SVZ,1,0,1,947.0,425.0,75,588,10,Astrocytes superficial,astrocyte
5,67,1033.2,507.38,SVZ,1,0,1,947.0,425.0,75,589,20,Microglia,microglia
5,69,532.17,521.5,SVZ,0,0,0,447.0,425.0,74,591,7,Interneuron,ineuron 
5,70,415.9,528.74,SVZ,0,0,0,447.0,425.0,74,592,7,Interneuron,ineuron 
5,71,671.41,543.44,SVZ,0,0,0,447.0,425.0,74,593,2,Endothelial,endo
5,73,789.24,564.4,SVZ,1,0,1,947.0,425.0,75,595,7,Interneuron,ineuron 
5,76,956.77,611.15,SVZ,1,0,1,947.0,425.0,75,598,7,Interneuron,ineuron 
5,77,310.11,619.77,SVZ,0,0,0,447.0,425.0,74,599,10,Astrocytes superficial,astrocyte
5,78,1147.5,632.11,SVZ,1,0,1,947.0,425.0,75,600,13,Excitatory layer 3,eneuron
5,79,769.97,645.73,SVZ,1,0,1,947.0,425.0,75,601,7,Interneuron,ineuron 
5,80,648.65,660.05,SVZ,0,0,0,447.0,425.0,74,602,10,Astrocytes superficial,astrocyte
5,83,364.9,749.52,SVZ,0,1,5,447.0,925.0,77,605,7,Interneuron,ineuron 
5,88,289.1,830.86,SVZ,0,1,5,447.0,925.0,77,610,7,Interneuron,ineuron 
5,89,197.86,841.12,SVZ,0,1,5,447.0,925.0,77,611,2,Endothelial,endo
5,95,408.08,972.32,SVZ,0,1,5,447.0,925.0,77,617,23,Interneurons deep,ineuron 
5,96,376.77,1000.9,SVZ,0,1,5,447.0,925.0,77,618,2,Endothelial,endo
5,102,1293.6,1281.9,SVZ,2,2,12,1447.0,1425.0,83,624,2,Endothelial,endo
5,109,411.79,1530.5,SVZ,0,2,10,447.0,1425.0,81,631,16,Oligodendrocytes,olig
5,112,678.82,1605.7,SVZ,0,2,10,447.0,1425.0,81,634,16,Oligodendrocytes,olig
5,114,975.84,1676.5,SVZ,1,3,16,947.0,1925.0,85,636,20,Microglia,microglia
5,115,466.77,1721.0,SVZ,0,3,15,447.0,1925.0,84,637,16,Oligodendrocytes,olig
5,116,768.28,1763.1,SVZ,1,3,16,947.0,1925.0,85,638,16,Oligodendrocytes,olig
5,119,1569.1,325.61,SVZ,2,0,2,1447.0,425.0,76,641,23,Interneurons deep,ineuron 
5,122,1518.6,367.08,SVZ,2,0,2,1447.0,425.0,76,644,11,Excitatory 5/6,eneuron
5,129,1193.7,455.84,SVZ,1,0,1,947.0,425.0,75,651,11,Excitatory 5/6,eneuron
5,132,1514.1,495.4,SVZ,2,0,2,1447.0,425.0,76,654,19,Astrocytes deep ,astrocyte
5,136,1451.1,530.33,SVZ,2,0,2,1447.0,425.0,76,658,19,Astrocytes deep ,astrocyte
5,142,1215.3,619.27,SVZ,2,0,2,1447.0,425.0,76,664,23,Interneurons deep,ineuron 
5,143,1068.6,629.86,SVZ,1,0,1,947.0,425.0,75,665,20,Microglia,microglia
5,154,943.41,772.13,SVZ,1,1,6,947.0,925.0,78,676,2,Endothelial,endo
5,157,555.58,788.12,SVZ,0,1,5,447.0,925.0,77,679,7,Interneuron,ineuron 
5,160,926.48,815.14,SVZ,1,1,6,947.0,925.0,78,682,2,Endothelial,endo
5,169,1196.3,867.79,SVZ,1,1,6,947.0,925.0,78,691,9,Excitatory layer 3,eneuron
5,182,1396.7,930.3,SVZ,2,1,7,1447.0,925.0,79,704,13,Excitatory layer 3,eneuron
5,186,457.33,943.03,SVZ,0,1,5,447.0,925.0,77,708,11,Excitatory 5/6,eneuron
5,194,1547.1,972.6,SVZ,2,1,7,1447.0,925.0,79,716,11,Excitatory 5/6,eneuron
5,197,1753.9,982.0,SVZ,3,1,8,1947.0,925.0,80,719,11,Excitatory 5/6,eneuron
5,200,1283.5,997.62,SVZ,2,1,7,1447.0,925.0,79,722,7,Interneuron,ineuron 
5,211,1011.2,1048.8,SVZ,1,1,6,947.0,925.0,78,733,20,Microglia,microglia
5,216,1084.6,1060.4,SVZ,1,1,6,947.0,925.0,78,738,20,Microglia,microglia
5,236,512.39,1143.3,SVZ,0,1,5,447.0,925.0,77,758,11,Excitatory 5/6,eneuron
5,239,483.26,1161.4,SVZ,0,1,5,447.0,925.0,77,761,23,Interneurons deep,ineuron 
5,256,1213.1,1257.1,SVZ,2,2,12,1447.0,1425.0,83,778,2,Endothelial,endo
5,267,701.92,1334.7,SVZ,1,2,11,947.0,1425.0,82,789,11,Excitatory 5/6,eneuron
5,268,1132.9,1333.9,SVZ,1,2,11,947.0,1425.0,82,790,2,Endothelial,endo
5,270,1129.0,1382.2,SVZ,1,2,11,947.0,1425.0,82,792,20,Microglia,microglia
5,272,1338.9,1394.3,SVZ,2,2,12,1447.0,1425.0,83,794,19,Astrocytes deep ,astrocyte
5,276,912.22,1453.7,SVZ,1,2,11,947.0,1425.0,82,798,16,Oligodendrocytes,olig
5,279,598.46,1668.9,SVZ,0,2,10,447.0,1425.0,81,801,16,Oligodendrocytes,olig
6,10,1261.3,1052.6,Choroid Plexus,1,1,5,1197.0,1279.0,89,813,2,Endothelial,endo
6,24,1331.7,1548.7,Choroid Plexus,1,2,9,1197.0,1779.0,92,827,2,Endothelial,endo
6,59,1289.4,998.08,Choroid Plexus,1,0,1,1197.0,779.0,87,862,2,Endothelial,endo
6,62,1696.2,1046.5,Choroid Plexus,2,1,6,1697.0,1279.0,90,865,2,Endothelial,endo
6,64,1390.7,1069.4,Choroid Plexus,1,1,5,1197.0,1279.0,89,867,2,Endothelial,endo
6,76,653.02,1243.2,Choroid Plexus,0,1,4,697.0,1279.0,88,879,2,Endothelial,endo
6,78,583.82,1286.5,Choroid Plexus,0,1,4,697.0,1279.0,88,881,2,Endothelial,endo
6,82,1368.5,1494.7,Choroid Plexus,1,1,5,1197.0,1279.0,89,885,2,Endothelial,endo
6,83,605.14,1593.9,Choroid Plexus,0,2,8,697.0,1779.0,91,886,2,Endothelial,endo
6,84,1755.5,1637.6,Choroid Plexus,2,2,10,1697.0,1779.0,93,887,2,Endothelial,endo
6,90,1322.6,529.93,Choroid Plexus,1,0,1,1197.0,779.0,87,893,2,Endothelial,endo
6,99,660.76,935.14,Choroid Plexus,0,0,0,697.0,779.0,86,902,2,Endothelial,endo
6,100,919.96,986.27,Choroid Plexus,0,0,0,697.0,779.0,86,903,2,Endothelial,endo
6,107,1409.3,1454.2,Choroid Plexus,1,1,5,1197.0,1279.0,89,910,2,Endothelial,endo
6,109,447.85,1672.3,Choroid Plexus,0,2,8,697.0,1779.0,91,912,20,Microglia,microglia
